text,category
Apple unveiled a new AI chip designed to accelerate machine learning tasks on mobile devices.,Technology
Google DeepMind published research showing large language models can reason about complex mathematical problems.,Technology
"Microsoft integrated AI-powered assistants into its Office productivity suite, boosting user efficiency.",Technology
OpenAI announced a new version of its GPT model with improved reasoning and code generation capabilities.,Technology
Nvidia reported record quarterly earnings driven by surging demand for AI training hardware.,Technology
Meta released a new open-source language model that outperforms proprietary models on several benchmarks.,Technology
Amazon Web Services launched new cloud computing services optimized for generative AI workloads.,Technology
Researchers developed a neural network that can diagnose diseases from medical images with high accuracy.,Technology
Self-driving car company Waymo expanded its autonomous vehicle service to three new cities.,Technology
A new programming language gained popularity among data scientists for its speed and ease of use.,Technology
Cybersecurity researchers discovered a vulnerability affecting millions of internet-connected devices.,Technology
A quantum computing startup raised funding to develop error-corrected quantum processors.,Technology
The FDA approved a new cancer immunotherapy drug that showed strong results in clinical trials.,Healthcare
Researchers identified a gene mutation linked to increased risk of Alzheimer disease.,Healthcare
A clinical study found that regular exercise significantly reduces the risk of cardiovascular disease.,Healthcare
A pharmaceutical company announced positive results for a new vaccine targeting respiratory viruses.,Healthcare
Doctors reported a breakthrough treatment for Type 1 diabetes using stem cell therapy.,Healthcare
The CDC issued guidelines for managing antibiotic resistance in hospital settings.,Healthcare
A new blood test can detect early-stage cancer with high sensitivity and low false-positive rates.,Healthcare
Mental health researchers found that cognitive behavioral therapy reduces anxiety more effectively than medication.,Healthcare
Global life expectancy increased due to improvements in vaccination programs and access to clean water.,Healthcare
Scientists used CRISPR gene editing to correct a hereditary blood disorder in clinical patients.,Healthcare
Health officials warned about a new variant of influenza spreading rapidly through Southeast Asia.,Healthcare
A wearable device can continuously monitor blood glucose levels without needles or finger pricks.,Healthcare
The NBA championship game drew record television ratings as the home team won in overtime.,Sports
An Olympic sprinter broke the world record in the 100-meter dash at the international championships.,Sports
"The soccer World Cup final attracted two billion viewers worldwide, setting a new broadcast record.",Sports
A professional tennis player announced retirement after winning 20 Grand Slam titles over a long career.,Sports
The Super Bowl halftime show generated more social media engagement than the game itself.,Sports
A rookie quarterback led his team to the playoffs in his first professional season.,Sports
The cycling Tour de France saw a surprise winner after the top contender dropped out with injury.,Sports
Ice hockey league announced expansion teams in three new markets across the southern United States.,Sports
A marathon runner completed the race in under two hours under official conditions for the first time.,Sports
The baseball World Series ended with a walk-off home run in the decisive seventh game.,Sports
College basketball March Madness tournament saw multiple upsets by lower-seeded teams.,Sports
"A swimmer won five gold medals at the world championships, equaling an all-time record.",Sports
The golf Masters tournament was dominated by young players in their first major championship appearance.,Sports
The Federal Reserve raised interest rates by a quarter point to combat persistent inflation.,Finance
Stock markets declined sharply after weaker-than-expected jobs data raised recession concerns.,Finance
"A technology startup completed its initial public offering, raising two billion dollars from investors.",Finance
Oil prices surged following supply disruptions caused by geopolitical tensions in the Middle East.,Finance
The European Central Bank signaled a pause in its monetary tightening cycle as inflation eased.,Finance
"Retail sales grew faster than expected in December, suggesting resilient consumer spending.",Finance
A major bank agreed to pay a large fine to settle allegations of mortgage lending fraud.,Finance
Treasury yields fell as investors sought safe-haven assets amid global economic uncertainty.,Finance
The unemployment rate dropped to its lowest level in fifty years despite high interest rates.,Finance
Hedge funds increased their bets against commercial real estate amid rising vacancy rates.,Finance
The dollar strengthened against major currencies following stronger-than-expected economic data.,Finance
A merger between two large pharmaceutical companies created one of the world biggest drug makers.,Finance
Venture capital investment in AI startups reached a new record in the first quarter of the year.,Finance
